model,mae,rmse
naive_last_value,0.007968527346049598,0.03133664371852114
ridge_regression,0.019082220372036017,0.03612954708736866
