model,mae,rmse
naive_last_value,0.010610483662199353,0.034007485157792214
ridge_regression,0.018354193952970103,0.03543081546832546
